restaurant,chain,category,check,note
&pizza,&pizza,Pizza & Italian,,
7-Eleven,7-Eleven,Other,,convenience store
800 Degrees,800 Degrees,Pizza & Italian,,
85°C Bakery Cafe,85°C Bakery Cafe,"Coffee, Bakery & Sweets",,
99 Restaurant,99 Restaurant,American & Casual Dining,,
A&W Canada,A&W,Burgers & Hot Dogs,,
Al's Beef,Al's Beef,Sandwiches & Subs,,
Alamo Drafthouse,Alamo Drafthouse,Other,,movie theater
Albertson's,Albertson's,Other,,grocery store
Alfred Coffee,Alfred Coffee,"Coffee, Bakery & Sweets",,
All Elite Podcasting: Tuesday Night Dynabite,All Elite Podcasting: Tuesday Night Dynabite,Other,yes,"wrestling special, New Orleans food"
AMC Dine-In,AMC,Other,,movie theater
AMC Theatres,AMC,Other,,movie theater
Ameci Pizza and Pasta,Ameci Pizza and Pasta,Pizza & Italian,,
Ample Hills Creamery,Ample Hills Creamery,"Coffee, Bakery & Sweets",,
ampm,ampm,Other,,convenience store
Applebee's,Applebee's,American & Casual Dining,,
Arby's,Arby's,Sandwiches & Subs,,
Auntie Anne's,Auntie Anne's,"Coffee, Bakery & Sweets",,
Backyard Bowls,Backyard Bowls,Healthy & Juice,,
Baja Fresh,Baja Fresh,Mexican,,
Baskin-Robbins,Baskin-Robbins,"Coffee, Bakery & Sweets",,
bb.q chicken,bb.q chicken,Chicken,,
Ben & Jerry's,Ben & Jerry's,"Coffee, Bakery & Sweets",,
Ben's Chili Bowl,Ben's Chili Bowl,Burgers & Hot Dogs,yes,half-smokes and chili
Benihana,Benihana,Asian,,
Bertucci's,Bertucci's,Pizza & Italian,,
BHC Chicken,BHC Chicken,Chicken,,
Big Chicken,Big Chicken,Chicken,,
Big Mama's & Papa's Pizzeria,Big Mama's & Papa's Pizzeria,Pizza & Italian,,
Biscuitville,Biscuitville,Breakfast & Diners,,
BJ's,BJ's,American & Casual Dining,,
Black Angus Steakhouse,Black Angus Steakhouse,American & Casual Dining,,
Blaze Pizza,Blaze Pizza,Pizza & Italian,,
Blue Bayou,Blue Bayou,Other,,Disneyland restaurant
Blue Bottle,Blue Bottle,"Coffee, Bakery & Sweets",,
Bob's Big Boy,Bob's Big Boy,Breakfast & Diners,yes,diner vs burgers
Bojangles,Bojangles,Chicken,,
Bonchon Chicken,Bonchon Chicken,Chicken,,Korean fried chicken
Boo's Philly Cheesesteaks,Boo's Philly Cheesesteaks,Sandwiches & Subs,,
Boston Market,Boston Market,Chicken,,
Boston Pizza,Boston Pizza,Pizza & Italian,,
Boudin Bakery,Boudin Bakery,"Coffee, Bakery & Sweets",yes,"sourdough, bread bowls"
Bowlero,Bowlero,Other,,bowling alley
Broccoli,Broccoli,Other,,produce episode
Bubba Gump Shrimp Co.,Bubba Gump Shrimp Co.,Seafood,,
Buca di Beppo,Buca di Beppo,Pizza & Italian,,
Buddy's Detroit-Style Pizza,Buddy's Detroit-Style Pizza,Pizza & Italian,,
Buffalo Wild Wings,Buffalo Wild Wings,Chicken,,
Burger King,Burger King,Burgers & Hot Dogs,,
Burgerville,Burgerville,Burgers & Hot Dogs,,
Cabo Wabo Cantina,Cabo Wabo Cantina,Mexican,yes,Mexican cantina
Cafe Gratitude,Cafe Gratitude,Healthy & Juice,,
California Fish Grill,California Fish Grill,Seafood,,
California Pizza Kitchen,California Pizza Kitchen,Pizza & Italian,,
Canter's Deli,Canter's Deli,Sandwiches & Subs,,
Carl's Jr./Hardee's,Carl's Jr./Hardee's,Burgers & Hot Dogs,,
Carney's,Carney's,Burgers & Hot Dogs,,
Carrots,Carrots,Other,,produce episode
Carrows,Carrows,Breakfast & Diners,,
CAVA,CAVA,Mediterranean,,
Charleys Philly Steaks,Charleys Philly Steaks,Sandwiches & Subs,,
Cheba Hut,Cheba Hut,Sandwiches & Subs,,
Checkers and Rally's,Checkers and Rally's,Burgers & Hot Dogs,,
Chick-fil-A,Chick-fil-A,Chicken,,
Chili's,Chili's,American & Casual Dining,,
Chili's Too,Chili's,American & Casual Dining,,
Chimmelier,Chimmelier,Chicken,yes,Korean fried chicken and beer?
Chipotle,Chipotle,Mexican,,
Chop Stop,Chop Stop,Healthy & Juice,yes,chopped salads
Chuck E. Cheese,Chuck E. Cheese,Pizza & Italian,,
Chuck E. Cheese's,Chuck E. Cheese,Pizza & Italian,,
Church's Chicken,Church's Chicken,Chicken,,
Cinnabon,Cinnabon,"Coffee, Bakery & Sweets",,
Claim Jumper,Claim Jumper,American & Casual Dining,,
Coca-Cola Freestyle,Coca-Cola Freestyle,Other,,soda machine
Coco Ichibanya,Coco Ichibanya,Asian,,
Coco's,Coco's,Breakfast & Diners,,
Cold Stone Creamery,Cold Stone Creamery,"Coffee, Bakery & Sweets",,
Cold Stone Nintendo,Cold Stone Creamery,"Coffee, Bakery & Sweets",,
Columbia Restaurant,Columbia Restaurant,Other,yes,"Spanish/Cuban, Tampa"
Comet Ping Pong,Comet Ping Pong,Pizza & Italian,,
Cook Out,Cook Out,Burgers & Hot Dogs,,
Corner Bakery,Corner Bakery,"Coffee, Bakery & Sweets",yes,"bakery cafe, also sandwiches"
Cornish Pasty,Cornish Pasty,Other,yes,pasties
Cosmic Wings,Cosmic Wings,Chicken,,
Costco,Costco,Other,,warehouse store
Cracker Barrel,Cracker Barrel,American & Casual Dining,yes,country cooking vs breakfast
Crown Burgers,Crown Burgers,Burgers & Hot Dogs,,
Crumbl Cookies,Crumbl Cookies,"Coffee, Bakery & Sweets",,
Culver's,Culver's,Burgers & Hot Dogs,,
D'Angelo,D'Angelo,Sandwiches & Subs,,
Daikokuya,Daikokuya,Asian,,
Dairy Queen,Dairy Queen,"Coffee, Bakery & Sweets",,"ice cream, also burgers"
Daphne's,Daphne's,Mediterranean,,
Dave & Buster's,Dave & Buster's,American & Casual Dining,,
Dave's Hot Chicken,Dave's Hot Chicken,Chicken,,
Del Taco,Del Taco,Mexican,,
Delta Sky Club,Delta Sky Club,Other,,airport lounge
Deluca's Italian Deli,Deluca's Italian Deli,Sandwiches & Subs,,
Denny's,Denny's,Breakfast & Diners,,
Denny's Solo Menu,Denny's,Breakfast & Diners,,
Dick's Drive-In,Dick's Drive-In,Burgers & Hot Dogs,,
Dickey's Barbecue Pit,Dickey's Barbecue Pit,American & Casual Dining,,barbecue
Din Tai Fung,Din Tai Fung,Asian,,
Do-Rite Donuts,Do-Rite Donuts,"Coffee, Bakery & Sweets",,
Dog Haus,Dog Haus,Burgers & Hot Dogs,,
Domino's,Domino's,Pizza & Italian,,
Dough Zone,Dough Zone,Asian,,
Dunkin',Dunkin',"Coffee, Bakery & Sweets",,
Dunkin' Donuts,Dunkin',"Coffee, Bakery & Sweets",,
Eataly,Eataly,Pizza & Italian,,
Edible Arrangements,Edible Arrangements,Other,,fruit arrangements
Eggslut,Eggslut,Breakfast & Diners,yes,egg sandwiches
Einstein Bros. Bagels,Einstein Bros. Bagels,"Coffee, Bakery & Sweets",,
El Farolito,El Farolito,Mexican,,
El Pollo Loco,El Pollo Loco,Chicken,,Mexican-style chicken
El Torito,El Torito,Mexican,,
Endives,Endives,Other,,produce episode
Erewhon,Erewhon,Other,,grocery store
ESPN Zone,ESPN Zone,American & Casual Dining,,
Ezell's,Ezell's,Chicken,,
Farmer Boys,Farmer Boys,Burgers & Hot Dogs,,
Fat Burger,Fatburger,Burgers & Hot Dogs,,
Fat Sal's,Fat Sal's,Sandwiches & Subs,,
Fatburger,Fatburger,Burgers & Hot Dogs,,
Fazoli's,Fazoli's,Pizza & Italian,,
Filiberto's,Filiberto's,Mexican,,
Firehouse Subs,Firehouse Subs,Sandwiches & Subs,,
Five Guys,Five Guys,Burgers & Hot Dogs,,
Fogo de Chão,Fogo de Chão,American & Casual Dining,,steakhouse
Fosters Freeze,Fosters Freeze,"Coffee, Bakery & Sweets",,"soft serve, also burgers"
Fresh Brothers,Fresh Brothers,Pizza & Italian,,
Friendly's,Friendly's,American & Casual Dining,yes,family restaurant known for ice cream
Fuddruckers,Fuddruckers,Burgers & Hot Dogs,,
Ggiata Delicatessen,Ggiata Delicatessen,Sandwiches & Subs,,
Gino's East,Gino's East,Pizza & Italian,,
Golden Corral,Golden Corral,American & Casual Dining,,buffet
Golden Road Brewing,Golden Road Brewing,American & Casual Dining,,brewpub
Good Humor,Good Humor,"Coffee, Bakery & Sweets",,
Good Times Burgers,Good Times Burgers,Burgers & Hot Dogs,,
Goop Kitchen,Goop Kitchen,Healthy & Juice,,
Gray's Papaya,Gray's Papaya,Burgers & Hot Dogs,,
Guisados,Guisados,Mexican,,
Gus's World Famous Fried Chicken,Gus's World Famous Fried Chicken,Chicken,,
Guy Fieri's Flavortown Kitchen,Guy Fieri,American & Casual Dining,,
Guy's American Kitchen,Guy Fieri,American & Casual Dining,,
Habit Burger,The Habit,Burgers & Hot Dogs,,
Handel's,Handel's,"Coffee, Bakery & Sweets",,
Hard Rock Cafe,Hard Rock Cafe,American & Casual Dining,,
Harold's Chicken Shack,Harold's Chicken Shack,Chicken,,
Harvey's,Harvey's,Burgers & Hot Dogs,,
Hattie B's,Hattie B's,Chicken,,
Hillstone,Hillstone,American & Casual Dining,,
Hokkaido Ramen Santouka,Hokkaido Ramen Santouka,Asian,,
HomeState,HomeState,Mexican,yes,Texas breakfast tacos
HomeTown Buffet,HomeTown Buffet,American & Casual Dining,,buffet
Honeybaked Ham,Honeybaked Ham,Sandwiches & Subs,yes,"ham, sandwiches"
Honeybee Burger,Honeybee Burger,Burgers & Hot Dogs,,
Hooters,Hooters,American & Casual Dining,,"wings, sports bar"
Hot Dog On A Stick,Hot Dog On A Stick,Burgers & Hot Dogs,,
Houston's,Hillstone,American & Casual Dining,,
Howlin' Rays,Howlin' Rays,Chicken,,
Hungry Howies,Hungry Howies,Pizza & Italian,,
IHOb,IHOP,Burgers & Hot Dogs,yes,IHOP's 2018 burger rebrand
IHOP,IHOP,Breakfast & Diners,,
IHOP Xbox Indiana Jones Menu,IHOP,Breakfast & Diners,,
Ike's,Ike's,Sandwiches & Subs,,
IKEA,IKEA,Other,,furniture store
In-N-Out Burger,In-N-Out Burger,Burgers & Hot Dogs,,
Insomnia Cookies,Insomnia Cookies,"Coffee, Bakery & Sweets",,
Irv's Burgers,Irv's Burgers,Burgers & Hot Dogs,,
Islands,Islands,Burgers & Hot Dogs,,
Ivar's Acres of Clams,Ivar's Acres of Clams,Seafood,,
Jack in the Box,Jack in the Box,Burgers & Hot Dogs,,
Jamba Juice,Jamba Juice,Healthy & Juice,,
Japadog,Japadog,Burgers & Hot Dogs,,
Jeni's Splendid Ice Creams,Jeni's Splendid Ice Creams,"Coffee, Bakery & Sweets",,
Jersey Mike's,Jersey Mike's,Sandwiches & Subs,,
Jimmy John's,Jimmy John's,Sandwiches & Subs,,
Johnny Rockets,Johnny Rockets,Burgers & Hot Dogs,,
Jollibee,Jollibee,Asian,yes,"Filipino, known for fried chicken"
KazuNori,KazuNori,Asian,,
Kelly's Roast Beef,Kelly's Roast Beef,Sandwiches & Subs,,
KFC,KFC,Chicken,,
KFC Beyond,KFC,Chicken,,
KFC Bowls,KFC,Chicken,,
Kopp's Frozen Custard,Kopp's Frozen Custard,"Coffee, Bakery & Sweets",,"custard, also burgers"
Kreation Organic,Kreation Organic,Healthy & Juice,,
Krispy Kreme,Krispy Kreme,"Coffee, Bakery & Sweets",,
Krispy Kreme x Pop-tarts,Krispy Kreme,"Coffee, Bakery & Sweets",,
Kroger,Kroger,Other,,grocery store
Krusty Burger,Krusty Burger,Burgers & Hot Dogs,yes,theme park restaurant
Krystal,Krystal,Burgers & Hot Dogs,,
Kura,Kura,Asian,,
L&L Hawaiian Barbecue,L&L Hawaiian Barbecue,Asian,yes,Hawaiian plate lunch
La Colombe,La Colombe,"Coffee, Bakery & Sweets",,
La Victoria Taqueria,La Victoria Taqueria,Mexican,,
Le Pain Quotidien,Le Pain Quotidien,"Coffee, Bakery & Sweets",,
Ledo Pizza,Ledo Pizza,Pizza & Italian,,
Lee's Sandwiches,Lee's Sandwiches,Sandwiches & Subs,,
Legal Sea Foods,Legal Sea Foods,Seafood,,
Lemonade,Lemonade,Healthy & Juice,,
Little Caesars,Little Caesars,Pizza & Italian,,
Little Canada,Little Canada,Other,yes,Toronto attraction
Long John Silver's,Long John Silver's,Seafood,,
Lou Malnati's,Lou Malnati's,Pizza & Italian,,
Loving Hut,Loving Hut,Healthy & Juice,,vegan
Lucifers Pizza,Lucifers Pizza,Pizza & Italian,,
Maggiano's Little Italy,Maggiano's Little Italy,Pizza & Italian,,
Mangos,Mangos,Other,,produce episode
Marco's Pizza,Marco's Pizza,Pizza & Italian,,
Margaritaville,Margaritaville,American & Casual Dining,,
Marie Callender's,Marie Callender's,Breakfast & Diners,yes,diner known for pie
Marie Callender's Meals,Marie Callender's (frozen),Other,,frozen food
McDonald's,McDonald's,Burgers & Hot Dogs,,
McDonald's Canada,McDonald's,Burgers & Hot Dogs,,
McDonald's Ice Cream,McDonald's,"Coffee, Bakery & Sweets",yes,ice cream episode
McDonald's International Menu,McDonald's,Burgers & Hot Dogs,,
McMenamins,McMenamins,American & Casual Dining,,brewpub
McPlant,McDonald's,Burgers & Hot Dogs,,
Medieval Times,Medieval Times,Other,,dinner theater
Mel's Drive-In,Mel's Drive-In,Breakfast & Diners,,
Mellow Mushroom,Mellow Mushroom,Pizza & Italian,,
Menchie's,Menchie's,"Coffee, Bakery & Sweets",,
Mendocino Farms,Mendocino Farms,Sandwiches & Subs,,
Milk Bar,Milk Bar,"Coffee, Bakery & Sweets",,
Mimi's Cafe,Mimi's Cafe,Breakfast & Diners,yes,family restaurant
MIXT,MIXT,Healthy & Juice,,
MOD Pizza,MOD Pizza,Pizza & Italian,,
Moe's Southwest Grill,Moe's Southwest Grill,Mexican,,
Monty's Good Burger,Monty's Good Burger,Burgers & Hot Dogs,,
Mooby's,Mooby's,Burgers & Hot Dogs,yes,Kevin Smith pop-up
Morton's The Steakhouse,Morton's The Steakhouse,American & Casual Dining,,steakhouse
Movita Juice Bar,Movita Juice Bar,Healthy & Juice,,
Mr. Charlie's Told Me So,Mr. Charlie's Told Me So,Burgers & Hot Dogs,yes,vegan fast food
Mr. Pizza,Mr. Pizza,Pizza & Italian,,
Mr. Slice's Bar Pizza Spectacular,Mr. Slice's Bar Pizza Spectacular,Pizza & Italian,,
MrBeast Burger,MrBeast Burger,Burgers & Hot Dogs,,
MREats,MREats,Other,,military rations
Mrs. Fields,Mrs. Fields,"Coffee, Bakery & Sweets",,
Nathan's Famous,Nathan's Famous,Burgers & Hot Dogs,,
National Coney Island,National Coney Island,Burgers & Hot Dogs,,
Native Foods,Native Foods,Healthy & Juice,,vegan
Naturewell,Naturewell,Healthy & Juice,,
Nick the Greek,Nick the Greek,Mediterranean,,
Noah's New York Bagels,Noah's New York Bagels,"Coffee, Bakery & Sweets",,
Nordstrom's Bar Verde,Nordstrom's Bar Verde,American & Casual Dining,yes,department store cafe
Norms,Norms,Breakfast & Diners,,
Nothing Bundt Cakes,Nothing Bundt Cakes,"Coffee, Bakery & Sweets",,
Oakberry,Oakberry,Healthy & Juice,,
Olive Garden,Olive Garden,Pizza & Italian,,
Onions,Onions,Other,,produce episode
Orange Julius,Orange Julius,"Coffee, Bakery & Sweets",yes,smoothie drinks
Ore-Ida,Ore-Ida,Other,,frozen food
Original Tommy's,Original Tommy's,Burgers & Hot Dogs,,
Outback Steakhouse,Outback Steakhouse,American & Casual Dining,,steakhouse
P. F. Chang's,P. F. Chang's,Asian,,
Panda Express,Panda Express,Asian,,
Panera,Panera Bread,Sandwiches & Subs,,
Panera Bread,Panera Bread,Sandwiches & Subs,,
Papa Gino's,Papa Gino's,Pizza & Italian,,
Papa John's,Papa John's,Pizza & Italian,,
Papa Johns,Papa John's,Pizza & Italian,,
Paris Baguette,Paris Baguette,"Coffee, Bakery & Sweets",,
Peet's Coffee,Peet's Coffee,"Coffee, Bakery & Sweets",,
Philz Coffee,Philz Coffee,"Coffee, Bakery & Sweets",,
Pineapple,Pineapple,Other,,produce episode
Pink's Hot Dogs,Pink's Hot Dogs,Burgers & Hot Dogs,,
Pinkberry,Pinkberry,"Coffee, Bakery & Sweets",,
Pirate's Booty,Pirate's Booty,Other,,snack food
Pirates Dinner Adventure,Pirates Dinner Adventure,Other,,dinner theater
Pirates of the Caribbean Ride,Pirates of the Caribbean Ride,Other,,theme park ride
Pita Inn,Pita Inn,Mediterranean,,
Pizza Hut,Pizza Hut,Pizza & Italian,,
Pizza Ranch,Pizza Ranch,Pizza & Italian,,
Planet Hollywood,Planet Hollywood,American & Casual Dining,,
Plant Power Fast Food,Plant Power Fast Food,Healthy & Juice,yes,vegan burgers
Playa Bowls,Playa Bowls,Healthy & Juice,,
Poké Bar,Poké Bar,Seafood,,poke
Pollo Campero,Pollo Campero,Chicken,,
Pollo Tropical,Pollo Tropical,Chicken,,
Popeyes,Popeyes,Chicken,,
Popeyes Louisiana Kitchen,Popeyes,Chicken,,
Popeyes Wings,Popeyes,Chicken,,
Poquito Más,Poquito Más,Mexican,,
Portillo's,Portillo's,Burgers & Hot Dogs,yes,hot dogs and Italian beef
Potbelly Sandwich Shop,Potbelly Sandwich Shop,Sandwiches & Subs,,
Pressed,Pressed,Healthy & Juice,,
Pret a Manger,Pret a Manger,Sandwiches & Subs,,
Publix,Publix,Other,yes,"grocery store, famous for subs"
QDOBA,QDOBA,Mexican,,
Quizno's,Quizno's,Sandwiches & Subs,,
Qwench Juice Bar,Qwench Juice Bar,Healthy & Juice,,
Raising Cane's Chicken Fingers,Raising Cane's Chicken Fingers,Chicken,,
Randy's Donuts,Randy's Donuts,"Coffee, Bakery & Sweets",,
Red Lobster,Red Lobster,Seafood,,
Red Robin,Red Robin,Burgers & Hot Dogs,,
Redhot Ranch,Redhot Ranch,Burgers & Hot Dogs,,
Regina Pizzeria,Regina Pizzeria,Pizza & Italian,,
Rick's Drive In & Out,Rick's Drive In & Out,Burgers & Hot Dogs,yes,diner vs burgers
Rita's Italian Ice,Rita's Italian Ice,"Coffee, Bakery & Sweets",,
Robeks,Robeks,Healthy & Juice,,
Rock & Brews,Rock & Brews,American & Casual Dining,,
Roscoe's House of Chicken and Waffles,Roscoe's House of Chicken and Waffles,Chicken,yes,chicken and waffles
Rubio's,Rubio's,Mexican,,
Rudolph's Roadside,Rudolph's Roadside,Other,yes,holiday pop-up
Runza,Runza,Sandwiches & Subs,yes,Nebraska stuffed sandwiches
Ruth's Chris Steak House,Ruth's Chris Steak House,American & Casual Dining,,steakhouse
Salt & Straw,Salt & Straw,"Coffee, Bakery & Sweets",,
Saved by the Max,Saved by the Max,Other,,themed pop-up
Sbarro,Sbarro,Pizza & Italian,,
See's Candies,See's Candies,"Coffee, Bakery & Sweets",,
Shake Shack,Shake Shack,Burgers & Hot Dogs,,
Shakey's Pizza,Shakey's Pizza,Pizza & Italian,,
Shaquille's,Shaquille's,American & Casual Dining,yes,Southern food
Sharky's,Sharky's,Mexican,,
Shipley Do-Nuts,Shipley Do-Nuts,"Coffee, Bakery & Sweets",,
Sidecar Doughnuts,Sidecar Doughnuts,"Coffee, Bakery & Sweets",,
Silver Diner,Silver Diner,Breakfast & Diners,,
Silverlake Ramen,Silverlake Ramen,Asian,,
Sizzle Pie,Sizzle Pie,Pizza & Italian,,
Sizzler,Sizzler,American & Casual Dining,,
Slice House,Slice House,Pizza & Italian,,
Small Cheval,Small Cheval,Burgers & Hot Dogs,,
Smashburger,Smashburger,Burgers & Hot Dogs,,
Smoke's Poutinerie,Smoke's Poutinerie,Other,yes,poutine
Sombrero,Sombrero,Mexican,,
Sonic Drive-In,Sonic Drive-In,Burgers & Hot Dogs,,
Souplantation/Sweet Tomatoes,Souplantation/Sweet Tomatoes,Healthy & Juice,yes,salad buffet
Souvla,Souvla,Mediterranean,,
Spitz,Spitz,Mediterranean,,
Starbucks,Starbucks,"Coffee, Bakery & Sweets",,
Starbucks Reserve,Starbucks,"Coffee, Bakery & Sweets",,
Steak 'n Shake,Steak 'n Shake,Burgers & Hot Dogs,,
Strawberries,Strawberries,Other,,produce episode
Subway,Subway,Sandwiches & Subs,,
Subway Breakfast,Subway,Sandwiches & Subs,,
Sugarfish,Sugarfish,Asian,,
Sunday Brunch,Sunday Brunch,Breakfast & Diners,yes,themed episode
Super Duper Burgers,Super Duper Burgers,Burgers & Hot Dogs,,
SushiStop,SushiStop,Asian,,
Sweet Chick,Sweet Chick,Chicken,,
Sweet Potatoes,Sweet Potatoes,Other,,produce episode
Sweetfin Poké,Sweetfin Poké,Seafood,,poke
sweetgreen,sweetgreen,Healthy & Juice,,
Swensons,Swensons,Burgers & Hot Dogs,,
Swiss Chalet,Swiss Chalet,Chicken,,
Taco Bell,Taco Bell,Mexican,,
Taco Bell IX,Taco Bell,Mexican,,
Taco Bell VIII,Taco Bell,Mexican,,
Taco John's,Taco John's,Mexican,,
Taco Time Northwest,Taco Time Northwest,Mexican,,
TacoTime,TacoTime,Mexican,,
Tasty Burger,Tasty Burger,Burgers & Hot Dogs,,
Tender Greens,Tender Greens,Healthy & Juice,,
TGI Friday's,TGI Fridays,American & Casual Dining,,
TGI Fridays,TGI Fridays,American & Casual Dining,,
The Butcher's Daughter,The Butcher's Daughter,Healthy & Juice,,
The Capital Grille,The Capital Grille,American & Casual Dining,,steakhouse
The Cheesecake Factory,The Cheesecake Factory,American & Casual Dining,,
The Coffee Bean,The Coffee Bean,"Coffee, Bakery & Sweets",,
The Dopeboys,The Dopeboys,Other,yes,4/20 special: Girl Scout cookies
The Flying Biscuit Cafe,The Flying Biscuit Cafe,Breakfast & Diners,,
The Habit,The Habit,Burgers & Hot Dogs,,
The Halal Guys,The Halal Guys,Mediterranean,,
The Hat,The Hat,Sandwiches & Subs,,
The Musso & Frank Grill,The Musso & Frank Grill,American & Casual Dining,,
The Olive Garden,Olive Garden,Pizza & Italian,,
The Original Soup Kitchen,The Original Soup Kitchen,Other,yes,soup (the Seinfeld one)
The Pie Hole,The Pie Hole,"Coffee, Bakery & Sweets",,
The Toothsome Chocolate Emporium & Savory Feast Kitchen,The Toothsome Chocolate Emporium & Savory Feast Kitchen,"Coffee, Bakery & Sweets",yes,theme restaurant
The Varsity,The Varsity,Burgers & Hot Dogs,,
Thighstop,Wingstop,Chicken,,
Tim Hortons,Tim Hortons,"Coffee, Bakery & Sweets",,
Tina's Burritos,Tina's Burritos,Mexican,yes,frozen burritos
TK Burgers,TK Burgers,Burgers & Hot Dogs,,
Togo's,Togo's,Sandwiches & Subs,,
Tombstone (the pizza),Tombstone,Pizza & Italian,yes,frozen pizza
Tony Roma's,Tony Roma's,American & Casual Dining,,
Top Round Roast Beef,Top Round Roast Beef,Sandwiches & Subs,,
Torchy's Tacos,Torchy's Tacos,Mexican,,
Trader Joe's,Trader Joe's,Other,,grocery store
Trejo's Tacos,Trejo's Tacos,Mexican,,
True Food Kitchen,True Food Kitchen,Healthy & Juice,,
Two Hands Corn Dogs,Two Hands Corn Dogs,Burgers & Hot Dogs,,
Tyga Bites,Tyga Bites,Chicken,yes,ghost kitchen chicken bites
Umami Burger,Umami Burger,Burgers & Hot Dogs,,
Veggie Grill,Veggie Grill,Healthy & Juice,,vegan
Voodoo Doughnut,Voodoo Doughnut,"Coffee, Bakery & Sweets",,
Waffle House,Waffle House,Breakfast & Diners,,
Wahlburgers,Wahlburgers,Burgers & Hot Dogs,,
Wahoo's Fish Taco,Wahoo's Fish Taco,Mexican,,"fish tacos, could be Seafood"
Watermelon,Watermelon,Other,,produce episode
Wawa,Wawa,Other,,convenience store
Wendy's,Wendy's,Burgers & Hot Dogs,,
Wendy's Breakfast,Wendy's,Burgers & Hot Dogs,yes,breakfast menu episode
Wetzel's Pretzels,Wetzel's Pretzels,"Coffee, Bakery & Sweets",,
Whataburger,Whataburger,Burgers & Hot Dogs,,
Which Wich?,Which Wich?,Sandwiches & Subs,,
White Castle,White Castle,Burgers & Hot Dogs,,
Whole Foods,Whole Foods,Other,,grocery store
Wienerschnitzel,Wienerschnitzel,Burgers & Hot Dogs,,
Willie Mae's Scotch House,Willie Mae's Scotch House,Chicken,,
Winchell's Donut House,Winchell's Donut House,"Coffee, Bakery & Sweets",,
Wingstop,Wingstop,Chicken,,
Wood Ranch,Wood Ranch,American & Casual Dining,,barbecue
Xi'an Famous Foods,Xi'an Famous Foods,Asian,,
Yard House,Yard House,American & Casual Dining,,
Yogurtland,Yogurtland,"Coffee, Bakery & Sweets",,
Yoshinoya,Yoshinoya,Asian,,
Zankou Chicken,Zankou Chicken,Chicken,,"Armenian rotisserie chicken, could be Mediterranean"
Zaxbys,Zaxbys,Chicken,,
