page,rater,field,value,reason
Trader Joe's with John Hodgman and David Rees,Nick Wiger,score,3.75,7 carts + 1 basket on a 10-cart scale; basket = half a cart (matches wiki's 3.81)
Trader Joe's with John Hodgman and David Rees,Mike Mitchell,score,3.75,7 carts + 1 basket on a 10-cart scale
Trader Joe's with John Hodgman and David Rees,John Hodgman,score,3.75,7 carts + 1 basket on a 10-cart scale
Trader Joe's with John Hodgman and David Rees,David Rees,score,4,8 carts on a 10-cart scale
Whole Foods with Fran Gillespie,Nick Wiger,score,1.75,3 carts + 1 basket on a 10-cart scale (matches wiki's 1.83)
Whole Foods with Fran Gillespie,Mike Mitchell,score,2.25,4 carts + 1 basket on a 10-cart scale
Whole Foods with Fran Gillespie,Fran Gillespie,score,1.5,3 carts on a 10-cart scale
Taco Bell 2 with Jon Gabrus (LIVE),,live_city,"San Francisco, CA",Recorded live at the Eureka Theatre at SF Sketchfest (episode page)
U Talkin' DMB Live To Me? with Dano,,live_source,,"Not a live show; title pun, episode is clips from Dave Matthews concerts"
Sweetfin vs. Chipotle vs. sweetgreen with Lauren Lapkus and Nicole Byer,,live_type,livestream,"Episode page: ""Munch Madness Live Digital Finale"""
Carrows with Erin Whitehead,Mike Mitchell,rating,-1,Revised: Mitch drops Carrows to -1 forks in ep 266
In-N-Out Burger with Armen Weitzman,Mike Mitchell,rating,3,Revised: Mitch drops In-N-Out to 3 forks in ep 47
Steak ‘n Shake with Evan Susser,Nick Wiger,rating_original,3,Cell shows revised 1 fork; Nick gave 3 on the episode (revised in Steak n Shake 2)
Rockdoughberfest: Cabo Wabo Cantina with Julie Brister,Mike Mitchell,rating_original,3.5,Cell shows revised 2 forks; Mitch gave 3.5 on the episode
Rockdoughberfest: Margaritaville with Mike Carlson,Mike Mitchell,rating_original,3.5,Cell shows revised 2.5 forks; Mitch gave 3.5 on the episode
Rockdoughberfest: Hard Rock Cafe with Scott Gairdner,Mike Mitchell,rating_original,2.5,Cell shows revised 2 forks; Mitch gave 2.5 on the episode
sweetgreen with Siobhan Thompson,Nick Wiger,rating,5,Revised: Nick bumps sweetgreen to 5 forks in ep 107
The Halal Guys with Dave Schilling,Nick Wiger,rating,4,Revised: Nick upgrades from incomplete/3 to 4 forks the next episode
Costco 2 with Excalibur,Mike Mitchell,rating,4,Revised: Mitch revises 3.75 to 4 forks the next episode
Poké Bar with Payman Benz,Nick Wiger,rating,1.5,Revised: Nick drops to 1.5 forks the next episode
Blue Bottle with Kate Berlant,Mike Mitchell,rating,2,Revised: Mitch drops Blue Bottle to 2 forks in the Philz Coffee episode
Dairy Queen with Christine Nangle and Matt Selman Live At L.A. Podfest 2016,Christine Nangle,rating_original,5,Struck-out 100 was a joke; 5 is the score given on the episode
Trejo's Tacos with Lamar Woods,Matt Apodaca,rating_original,5,"Raised from 3.5 to 5 during the episode itself, so 5 is the original"
Pirates Dinner Adventure with Eva Anderson,The Dread Podcaster,role,nick,Pirate-themed nickname for Nick (Mitch is The Spoondog)
Long John Silver's with Mano Agapion and Betsy Sodaro,The Dread Podcaster,role,nick,Pirate-themed nickname for Nick (Mitch is Spoondog)
