phrase,variants,note
this show sucks,this shows sucks|the show sucks|our show sucks|this podcast sucks|the podcast sucks|our podcast sucks|the show is bad|the podcast is bad|our podcast is bad|our show is bad,suggested on Reddit; includes "the podcast is bad" etc.
wow,,suggested on Reddit
spoonman,spoon man|spoonmen,Mitch's nickname
golden plate club,golden plate|golden play club|golden play,4+ fork average
platinum plate club,platinum plate|platinum play club|platinum play,5 fork average
broken plate club,broken plate,low scores
snack or wack,snack or whack,segment
munch madness,,tournament
chompion,chompions|chompionship,tournament winner
oh my god,omg,from candidate list
jesus christ,,from candidate list
for god's sake,for god's sakes|for gods sake|for gods sakes,from candidate list
blah blah blah,,from candidate list
howdy ho,howdy hoe,from candidate list
spoon nation,,from candidate list
birdfuck,bird fuck,from candidate list
rumblies,the rumblies,from candidate list
heat seeker,heat seekers|heatseeker,from candidate list
wally and irma,,from candidate list
hand holding club,hand-holding club,from candidate list
spoiler alert,,from candidate list
simulacrum,simulacrums|simulacra|simulchrum|simolakarums|symbolacrum|simulaccom,user request
hat on a hat,hats on hats|hat on hat,user request; hyphenated forms match automatically
ungapatchka,ungapachka|ungepochka|ungepachka|ungapatschka|ungopatchka|ungepatschke|ungepatsche|ungepoche|ungepocheke|ungaplotchka|ungapachiko|ungaspacho|unga pachka|oonga pachka|unka pachka|unge pachka|unga patchka|ungepochkas,user request; transcription garbles it many ways
