phrase,words,count,episodes,share_of_episodes,score,first_year,peak_year
roastspoonman,1,147,139,0.241,13.53,2016,2021
birdfuck,1,270,97,0.168,14.4,2023,2024
susser,1,1628,273,0.474,11.71,2015,2016
rumblies,1,171,83,0.144,13.74,2016,2024
wikes,1,137,91,0.158,13.42,2020,2021
erdbrink,1,104,92,0.16,13.03,2018,2024
susser's,1,134,81,0.141,13.39,2015,2016
gabris,1,162,65,0.113,13.67,2015,2025
chankton,1,127,60,0.104,13.31,2015,2020
spoonman,1,284,192,0.333,10.19,2015,2016
wags,1,3296,334,0.58,9.18,2015,2021
koalik,1,146,51,0.089,13.52,2015,2025
koalic,1,106,47,0.082,13.05,2015,2021
factormeals,1,83,49,0.085,12.7,2021,2022
jemmy's,1,88,47,0.082,12.79,2024,2024
hillstone,1,170,35,0.061,13.74,2016,2016
weig's,1,73,48,0.083,12.52,2015,2022
pachka,1,70,43,0.075,12.46,2020,2024
usong,1,99,37,0.064,12.96,2016,2019
rocketmoney,1,84,34,0.059,12.72,2021,2024
forker,1,141,88,0.153,9.78,2015,2024
helixsleep,1,57,35,0.061,12.16,2021,2024
forks,1,4131,499,0.866,6.88,2015,2024
ungepochka,1,47,35,0.061,11.88,2020,2021
gabers,1,50,29,0.05,11.97,2015,2019
jemmy,1,486,90,0.156,8.81,2022,2024
90s,1,515,266,0.462,7.09,2015,2021
uncar,1,62,25,0.043,12.28,2016,2026
wendy's,1,1994,271,0.47,6.92,2015,2025
taco,1,5190,418,0.726,6.41,2015,2024
plutt,1,54,24,0.042,12.08,2016,2025
yousong,1,49,24,0.042,11.94,2016,2019
popeyes,1,745,94,0.163,8.22,2015,2017
ucb,1,416,184,0.319,7.12,2015,2017
burger,1,8884,522,0.906,5.93,2015,2016
fries,1,5330,450,0.781,6.05,2015,2016
80s,1,453,209,0.363,6.75,2015,2021
podcast,1,8942,576,1.0,5.67,2015,2016
babel's,1,81,46,0.08,9.32,2021,2022
carl's,1,830,161,0.28,6.95,2015,2015
jalapeno,1,511,174,0.302,6.82,2015,2017
quincy,1,1793,400,0.694,5.81,2015,2021
burrito,1,1869,231,0.401,6.36,2015,2019
jalapenos,1,253,122,0.212,7.1,2015,2021
arby's,1,814,98,0.17,7.39,2015,2022
domino's,1,1148,137,0.238,6.86,2015,2018
gordita,1,192,51,0.089,8.4,2015,2024
chili's,1,484,110,0.191,6.97,2015,2025
sandwich,1,6255,493,0.856,5.22,2015,2022
chipotle,1,1160,197,0.342,6.11,2015,2023
irma,1,720,253,0.439,5.78,2016,2018
brigham's,1,124,41,0.071,8.56,2015,2016
persinger,1,90,61,0.106,7.73,2017,2021
wiggs,1,181,82,0.142,7.15,2020,2025
spoon,1,2959,555,0.964,4.97,2015,2016
marinara,1,365,132,0.229,6.43,2015,2020
breading,1,179,96,0.167,6.87,2015,2016
bummer,1,807,343,0.595,5.36,2015,2024
tendies,1,99,34,0.059,8.87,2018,2025
sauces,1,898,276,0.479,5.54,2015,2021
pizza,1,10458,515,0.894,4.96,2015,2018
cheeseburger,1,882,220,0.382,5.74,2015,2020
postmates,1,221,78,0.135,7.04,2015,2018
doe,1,2497,508,0.882,4.86,2015,2023
mcdonald's,1,3163,426,0.74,5.0,2015,2020
spicy,1,2579,404,0.701,5.03,2015,2024
chilies,1,240,91,0.158,6.69,2015,2015
quesadilla,1,300,80,0.139,6.81,2015,2024
crispy,1,1019,328,0.569,5.13,2015,2024
breaded,1,222,128,0.222,6.11,2015,2020
micas,1,93,43,0.075,7.85,2015,2017
dunkin,1,698,125,0.217,6.11,2015,2016
wingstop,1,174,30,0.052,8.62,2015,2017
cheddar,1,964,245,0.425,5.31,2015,2023
barbecue,1,1751,314,0.545,5.07,2015,2025
donuts,1,1607,196,0.34,5.51,2015,2023
sauce,1,6238,525,0.911,4.64,2015,2021
toppings,1,559,201,0.349,5.46,2015,2018
veggie,1,862,231,0.401,5.25,2015,2022
hodgman,1,328,45,0.078,7.5,2015,2022
amelia's,1,160,80,0.139,6.51,2022,2025
flavor,1,3215,520,0.903,4.55,2015,2025
listeners,1,1567,478,0.83,4.61,2015,2024
savory,1,473,221,0.384,5.25,2015,2020
noid,1,183,35,0.061,7.96,2015,2023
lettuce,1,1324,328,0.569,4.87,2015,2019
whopper,1,554,78,0.135,6.47,2015,2021
ketchup,1,1184,267,0.464,5.04,2015,2016
pastrami,1,344,66,0.115,6.71,2015,2016
bun,1,1376,294,0.51,4.93,2015,2016
cheese,1,9900,556,0.965,4.42,2015,2021
burgers,1,1788,348,0.604,4.77,2015,2016
nangle,1,115,26,0.045,8.56,2016,2019
burritos,1,546,138,0.24,5.65,2015,2019
flavors,1,1378,345,0.599,4.76,2015,2025
doritos,1,558,132,0.229,5.68,2015,2025
crispiness,1,58,47,0.082,7.2,2015,2016
wigs,1,761,225,0.391,5.1,2015,2021
pepperoni,1,604,138,0.24,5.57,2015,2021
mcflurry,1,123,41,0.071,7.39,2015,2020
tacos,1,1142,215,0.373,5.09,2015,2019
chili,1,1889,289,0.502,4.82,2015,2019
hanford,1,395,98,0.17,5.95,2015,2024
70s,1,215,142,0.247,5.49,2015,2021
reese's,1,362,77,0.134,6.26,2015,2023
nachos,1,538,122,0.212,5.66,2015,2025
flavorful,1,237,162,0.281,5.34,2015,2023
chicken,1,10654,537,0.932,4.32,2015,2025
denny's,1,452,86,0.149,6.08,2015,2015
hashtag,1,1444,339,0.589,4.63,2015,2016
tortilla,1,512,183,0.318,5.16,2015,2019
irma's,1,62,45,0.078,7.06,2016,2020
salad,1,3728,442,0.767,4.41,2015,2024
oreo,1,550,121,0.21,5.6,2015,2025
cheesecake,1,826,155,0.269,5.32,2015,2021
lapkus,1,62,25,0.043,8.33,2016,2022
geno's,1,89,32,0.056,7.72,2015,2019
weirdly,1,414,245,0.425,4.85,2015,2024
amelia,1,1534,182,0.316,5.12,2016,2025
wally,1,910,288,0.5,4.69,2016,2022
los angeles,2,720,321,0.557,13.83,2015,2017
co host,2,583,455,0.79,12.66,2015,2021
closing argument,2,293,277,0.481,13.47,2015,2016
jesus christ,2,1192,448,0.778,11.99,2015,2016
mike mitchell,2,1241,550,0.955,11.55,2015,2020
mm hmm,2,1006,366,0.635,12.22,2015,2024
costa rica,2,86,68,0.118,17.01,2015,2022
social media,2,292,191,0.332,13.58,2015,2024
coca cola,2,339,123,0.214,14.55,2015,2020
east coast,2,464,205,0.356,12.97,2015,2016
grocery store,2,657,240,0.417,12.31,2015,2020
spoiler alert,2,113,87,0.151,15.09,2015,2017
santa monica,2,341,171,0.297,12.94,2015,2018
sci fi,2,92,60,0.104,16.23,2015,2020
munch madness,2,385,115,0.2,13.94,2016,2025
san francisco,2,348,125,0.217,13.69,2015,2018
wu tang,2,221,82,0.142,14.99,2015,2018
spoon nation,2,587,310,0.538,11.48,2015,2016
star wars,2,859,209,0.363,12.28,2015,2016
final thoughts,2,472,337,0.585,11.25,2015,2022
carl's jr,2,584,127,0.22,13.37,2015,2015
doe boys,2,1858,451,0.783,10.47,2015,2023
hash browns,2,229,75,0.13,14.79,2015,2020
san diego,2,297,103,0.179,13.67,2015,2023
west coast,2,312,182,0.316,12.17,2015,2017
mashed potatoes,2,470,124,0.215,13.13,2015,2016
taco bell,2,2344,311,0.54,10.99,2015,2021
howdy ho,2,139,87,0.151,14.12,2015,2017
evan susser,2,382,169,0.293,12.25,2015,2016
7 eleven,2,550,122,0.212,13.07,2015,2020
peanut butter,2,851,209,0.363,11.75,2015,2024
plate club,2,648,294,0.51,11.01,2015,2021
mountain dew,2,248,77,0.134,14.3,2015,2018
et cetera,2,64,46,0.08,16.19,2015,2024
southern california,2,319,198,0.344,11.72,2015,2023
new york,2,2312,409,0.71,10.26,2015,2025
ice cream,2,3521,360,0.625,10.48,2015,2025
force awakens,2,246,71,0.123,14.46,2015,2016
beverly hills,2,97,57,0.099,15.15,2015,2024
years ago,2,1148,441,0.766,10.05,2015,2024
las vegas,2,104,75,0.13,14.16,2015,2023
trader joe's,2,276,66,0.115,14.58,2015,2020
high school,2,1261,379,0.658,10.28,2015,2016
ballpark buds,2,88,68,0.118,14.37,2016,2016
p m,2,358,200,0.347,11.43,2015,2022
harry potter,2,163,53,0.092,15.23,2016,2016
quote unquote,2,88,69,0.12,14.25,2016,2022
baskin robbins,2,199,46,0.08,15.75,2015,2016
iced tea,2,310,121,0.21,12.56,2015,2022
gas station,2,159,83,0.144,13.56,2015,2020
bang bang,2,160,93,0.161,13.21,2015,2024
makes sense,2,801,385,0.668,10.03,2015,2023
dough boys,2,1441,397,0.689,9.96,2015,2021
jordan morris,2,96,63,0.109,14.37,2015,2017
robert persinger,2,69,59,0.102,14.57,2017,2021
golden plate,2,438,230,0.399,10.9,2015,2018
tgi fridays,2,119,45,0.078,15.52,2015,2015
dunkin donuts,2,532,111,0.193,12.53,2015,2016
cape cod,2,133,49,0.085,15.11,2015,2016
self conscious,2,166,104,0.181,12.66,2015,2017
blah blah,2,132,45,0.078,15.4,2015,2023
ninja turtles,2,106,49,0.085,15.03,2015,2025
wi fi,2,56,36,0.062,16.3,2015,2023
real quick,2,866,409,0.71,9.71,2015,2017
cheesecake factory,2,369,88,0.153,13.04,2015,2021
tex mex,2,91,32,0.056,16.76,2015,2016
casey donahue,2,75,64,0.111,13.94,2023,2024
20th century,2,59,55,0.095,14.44,2015,2017
arnold palmer,2,103,40,0.069,15.54,2015,2025
pina colada,2,58,27,0.047,17.34,2015,2024
donkey kong,2,210,59,0.102,14.0,2015,2022
chain restaurants,2,827,407,0.707,9.49,2015,2016
january 6th,2,84,48,0.083,14.72,2021,2022
dave matthews,2,222,72,0.125,13.32,2015,2018
roller coaster,2,70,40,0.069,15.41,2015,2018
onion rings,2,446,111,0.193,12.03,2015,2015
paying attention,2,102,83,0.144,12.81,2015,2019
quarter pounder,2,185,58,0.101,13.94,2015,2020
feral audio,2,91,59,0.102,13.8,2015,2017
fork score,2,415,218,0.378,10.44,2015,2024
drive thru,2,148,81,0.141,12.78,2015,2019
carne asada,2,65,26,0.045,17.21,2015,2019
willy wonka,2,52,30,0.052,16.46,2015,2021
clam chowder,2,179,48,0.083,14.43,2015,2016
donald trump,2,93,63,0.109,13.48,2015,2016
twisted metal,2,273,67,0.116,13.26,2019,2025
olive garden,2,243,59,0.102,13.66,2015,2018
spoon man,2,1464,520,0.903,8.9,2015,2016
see ya,2,423,389,0.675,9.31,2015,2016
21st century,2,50,45,0.078,14.53,2015,2017
neil campbell,2,68,52,0.09,13.97,2015,2025
god bless,2,382,210,0.365,10.32,2015,2023
five forks,2,1181,406,0.705,9.18,2015,2021
fast food,2,2497,455,0.79,9.0,2015,2021
darth vader,2,57,29,0.05,16.35,2016,2016
19th century,2,56,48,0.083,14.22,2015,2022
24 hours,2,155,105,0.182,11.82,2015,2021
los feliz,2,75,53,0.092,13.84,2015,2024
conveyor belt,2,73,33,0.057,15.7,2015,2025
del taco,2,886,154,0.267,10.87,2015,2019
pizzeria regina,2,84,45,0.078,14.37,2015,2019
mozzarella sticks,2,245,63,0.109,13.18,2015,2021
scrambled eggs,2,133,66,0.115,13.03,2015,2020
panda express,2,282,46,0.08,14.22,2015,2016
jersey mike's,2,487,65,0.113,13.01,2015,2022
tom hanks,2,107,54,0.094,13.6,2015,2021
choo choo,2,132,43,0.075,14.39,2016,2018
eva anderson,2,64,44,0.076,14.3,2015,2021
private equity,2,56,39,0.068,14.72,2016,2025
emma erdbrink,2,98,87,0.151,12.07,2018,2025
jack allison,2,150,95,0.165,11.79,2015,2015
elementary school,2,168,102,0.177,11.59,2015,2018
snoop dogg,2,46,23,0.04,17.09,2016,2017
dairy queen,2,310,61,0.106,13.03,2015,2021
nicole byer,2,51,35,0.061,15.05,2016,2019
mario kart,2,128,56,0.097,13.29,2015,2015
armin weitzman,2,52,37,0.064,14.8,2015,2016
i'd rather,2,537,278,0.483,9.49,2015,2025
difference between,2,188,143,0.248,10.75,2015,2024
cameron diaz,2,51,26,0.045,16.35,2016,2019
weekly bonus episode,3,256,232,0.403,24.33,2017,2018
my co host,3,460,409,0.71,19.89,2015,2019
platinum plate club,3,185,134,0.233,23.86,2015,2021
blah blah blah,3,79,42,0.073,30.62,2015,2023
platinum play club,3,184,148,0.257,22.87,2017,2023
pico de gallo,3,86,40,0.069,30.93,2015,2019
comedy bang bang,3,106,74,0.128,25.84,2015,2016
for god's sakes,3,157,129,0.224,22.29,2015,2019
world war ii,3,95,77,0.134,24.86,2015,2023
our closing argument,3,133,132,0.229,21.77,2015,2017
introduce our guest,3,211,186,0.323,19.88,2015,2017
in los angeles,3,343,207,0.359,19.34,2015,2024
tropical fruit smoothie,3,55,55,0.095,25.53,2021,2022
our associate producer,3,102,93,0.161,22.55,2020,2024
cheesy gordita crunch,3,152,43,0.075,27.0,2015,2024
new york city,3,382,163,0.283,19.68,2015,2025
final thoughts on,3,288,258,0.448,17.8,2015,2021
carl's jr hardee's,3,56,40,0.069,26.48,2015,2016
until next time,3,272,261,0.453,17.45,2015,2016
wally and irma,3,353,195,0.339,18.14,2016,2019
we've talked about,3,518,293,0.509,16.8,2015,2023
benefited from therapy,3,59,55,0.095,23.55,2022,2025
hand holding club,3,94,73,0.127,21.89,2015,2016
introduce our guests,3,130,105,0.182,20.13,2015,2019
snack or whack,3,226,123,0.214,19.39,2015,2017
the united states,3,202,143,0.248,18.74,2015,2024
a heat seeker,3,238,178,0.309,17.92,2016,2025
little bit more,3,1583,498,0.865,14.9,2015,2023
oh my god,3,4358,564,0.979,14.45,2015,2024
buffalo wild wings,3,221,60,0.104,22.35,2015,2024
doe boys double,3,164,123,0.214,19.0,2017,2020
mike mitchell i'm,3,251,240,0.417,16.53,2015,2024
dave matthews band,3,56,36,0.062,25.18,2015,2018
the feedback today's,3,210,205,0.356,16.92,2015,2016
rest in peace,3,172,119,0.207,18.82,2015,2024
10 years ago,3,149,110,0.191,19.09,2015,2025
commissioner evan susser,3,53,41,0.071,24.06,2016,2016
i'm nick weiger,3,372,301,0.523,15.53,2015,2024
chick fil a,3,591,102,0.177,19.05,2015,2025
vanilla ice cream,3,183,98,0.17,19.13,2016,2021
your unwanted subscriptions,3,56,38,0.066,23.96,2021,2024
i've never seen,3,355,228,0.396,16.04,2015,2025
on social media,3,107,89,0.155,19.4,2015,2018
chocolate chip cookie,3,125,64,0.111,20.88,2015,2025
reese's peanut butter,3,83,40,0.069,23.47,2015,2021
your fork score,3,186,137,0.238,17.51,2015,2025
in new york,3,844,269,0.467,15.39,2015,2025
in santa monica,3,152,108,0.188,18.36,2015,2016
give our closing,3,133,133,0.231,17.53,2015,2017
let me tell,3,429,275,0.477,15.24,2015,2024
a little bit,3,9967,575,0.998,13.39,2015,2016
the east coast,3,257,146,0.253,17.04,2015,2021
to spoon nation,3,234,211,0.366,15.84,2015,2016
in high school,3,438,242,0.42,15.34,2015,2016
the u s,3,245,164,0.285,16.5,2015,2021
st patrick's day,3,71,27,0.047,25.53,2015,2025
ah ah ah,3,568,29,0.05,24.86,2021,2023
tournament of champions,3,256,91,0.158,18.49,2016,2025
this week's chain,3,208,158,0.274,16.46,2015,2021
our fork scores,3,80,63,0.109,20.09,2019,2023
piece of shit,3,597,303,0.526,14.56,2015,2019
chuck e cheese,3,257,38,0.066,22.86,2015,2025
that makes sense,3,394,262,0.455,14.93,2015,2023
we're talking about,3,770,373,0.648,14.0,2015,2023
zero to five,3,340,278,0.483,14.71,2015,2022
in southern california,3,154,118,0.205,17.26,2015,2023
at some point,3,791,396,0.688,13.66,2015,2017
drops at birdfuck,3,59,54,0.094,20.44,2024,2024
emma erdbrink our,3,53,52,0.09,20.62,2021,2025
the spoon man,3,927,484,0.84,13.16,2015,2024
upstate new york,3,47,37,0.064,22.51,2015,2021
as an adult,3,249,167,0.29,15.87,2015,2017
our video editor,3,51,48,0.083,20.94,2023,2025
each go around,3,214,206,0.358,15.21,2015,2021
in san francisco,3,129,73,0.127,18.85,2016,2022
on doe boys,3,266,224,0.389,14.94,2015,2018
open 24 hours,3,49,38,0.066,22.16,2015,2018
i've ever seen,3,193,156,0.271,15.85,2015,2022
my lovely wife,3,109,101,0.175,17.26,2016,2016
self conscious about,3,69,56,0.097,19.67,2015,2021
ice cream parlor,3,88,45,0.078,20.75,2015,2025
doritos locos taco,3,61,24,0.042,24.85,2015,2024
spicy chicken sandwich,3,283,80,0.139,17.97,2015,2025
god damn it,3,460,264,0.458,14.09,2015,2016
fat chance kitchen,3,75,32,0.056,22.6,2017,2017
join the golden,3,154,129,0.224,16.11,2015,2018
little bit of,3,2886,552,0.958,12.39,2015,2023
wait a minute,3,428,254,0.441,14.11,2015,2018
the grocery store,3,227,145,0.252,15.69,2015,2020
doesn't make sense,3,124,105,0.182,16.75,2015,2024
whoa whoa whoa,3,89,33,0.057,22.29,2016,2024
drop king robert,3,46,41,0.071,20.96,2020,2021
for whatever reason,3,283,191,0.332,14.81,2015,2015
a closing argument,3,95,95,0.165,16.98,2016,2021
i'm nick weigher,3,137,128,0.222,15.9,2015,2018
welcome back to,3,427,296,0.514,13.51,2016,2021
make any sense,3,136,109,0.189,16.33,2015,2024
get factor instead,3,80,80,0.139,17.47,2021,2022
an ice cream,3,265,134,0.233,15.63,2015,2025
fast food restaurant,3,171,120,0.208,15.99,2015,2015
talked about this,3,720,369,0.641,12.95,2015,2024
mint chocolate chip,3,69,31,0.054,22.26,2016,2016
sonic the hedgehog,3,117,58,0.101,18.82,2015,2016
stay away from,3,114,91,0.158,16.94,2015,2017
quite a bit,3,639,330,0.573,13.14,2015,2025
by the way,3,2643,548,0.951,12.06,2015,2024
the west coast,3,160,111,0.193,16.12,2015,2017
you're talking about,3,695,349,0.606,12.93,2015,2024
i've never been,3,364,233,0.405,13.88,2015,2017
for some reason,3,425,263,0.457,13.55,2015,2017
at one point,3,752,376,0.653,12.73,2015,2017
we'll talk about,3,279,192,0.333,14.35,2015,2025
blown away by,3,63,52,0.09,19.09,2015,2020
20 years ago,3,65,57,0.099,18.63,2015,2026
thanks for having,3,210,161,0.28,14.82,2015,2020
i'd rather have,3,200,130,0.226,15.45,2015,2023
across the street,3,197,132,0.229,15.4,2015,2021
might have been,3,534,297,0.516,13.2,2015,2018
in san diego,3,99,56,0.097,18.67,2015,2018
my entire life,3,139,122,0.212,15.64,2015,2016
spoon man mike mitchell,4,484,390,0.677,32.15,2015,2024
happy eating see ya,4,293,290,0.503,31.45,2015,2016
double our weekly bonus,4,171,161,0.28,34.39,2017,2018
alongside my co host,4,157,155,0.269,33.88,2015,2018
our weekly bonus episode,4,162,151,0.262,33.11,2017,2018
weekly bonus episode join,4,97,81,0.141,37.48,2018,2018
weiger alongside my co,4,106,105,0.182,32.59,2015,2018
feedback let's open up,4,187,184,0.319,28.31,2015,2018
the golden plate club,4,313,193,0.335,27.83,2015,2018
give our closing argument,4,101,101,0.175,31.61,2015,2017
the spoon man mike,4,486,390,0.677,24.37,2015,2024
to our final thoughts,4,318,271,0.47,25.8,2015,2022
platinum play club at,4,118,112,0.194,30.33,2018,2022
your feedback let's open,4,157,153,0.266,27.97,2015,2016
mike mitchell i'm nick,4,196,193,0.335,26.69,2015,2024
i'm nick weiger alongside,4,116,116,0.201,29.39,2015,2018
let's introduce our guest,4,117,112,0.194,29.47,2015,2016
nick weigher happy eating,4,93,92,0.16,30.73,2015,2018
nick weiger alongside my,4,108,107,0.186,29.57,2015,2018
zero to five forks,4,229,209,0.363,25.7,2015,2019
golden or platinum play,4,85,85,0.148,30.5,2018,2023
open up the feedback,4,324,311,0.54,23.59,2015,2016
week on doe boys,4,179,177,0.307,26.09,2015,2018
closing argument if you,4,167,166,0.288,26.32,2015,2021
nick weiger along with,4,121,120,0.208,27.86,2020,2021
with my co host,4,166,164,0.285,26.13,2015,2021
along with my co,4,163,163,0.283,26.15,2020,2021
or platinum play club,4,83,83,0.144,30.01,2018,2023
nick weiger happy eating,4,97,96,0.167,28.97,2015,2024
podcast about chain restaurants,4,164,162,0.281,25.87,2015,2017
double or weekly bonus,4,65,62,0.108,31.85,2017,2023
question or comment about,4,153,147,0.255,26.19,2015,2018
the spoonman mike mitchell,4,112,99,0.172,28.42,2016,2020
until next time for,4,213,205,0.356,24.44,2015,2016
boys double our weekly,4,77,74,0.128,29.88,2017,2018
thoughts your fork score,4,87,80,0.139,29.31,2019,2025
helpful for learning positive,4,46,44,0.076,33.9,2019,2025
we'll each go around,4,155,152,0.264,25.48,2015,2021
week's roast is courtesy,4,56,56,0.097,31.67,2017,2019
costa rica that's right,4,56,55,0.095,31.64,2021,2022
weigher happy eating see,4,72,72,0.125,29.54,2015,2018
weiger along with my,4,146,145,0.252,25.18,2020,2024
introduce my co host,4,57,56,0.097,31.07,2016,2019
this week on doughboys,4,287,285,0.495,22.1,2015,2016
i'm nick weigher happy,4,97,96,0.167,27.25,2015,2018
mm hmm mm hmm,4,56,39,0.068,33.87,2016,2024
from zero to five,4,233,219,0.38,23.01,2015,2021
doughboys double our weekly,4,61,59,0.102,30.32,2017,2018
the golden play club,4,183,114,0.198,26.07,2015,2018
value your feedback let's,4,70,68,0.118,29.18,2015,2016
weiger happy eating see,4,82,82,0.142,27.91,2015,2024
going to costa rica,4,62,57,0.099,30.42,2021,2022
or weekly bonus episode,4,59,56,0.097,30.51,2017,2023
a question or comment,4,201,188,0.326,23.44,2015,2018
up the feedback today's,4,144,142,0.247,24.71,2015,2016
hold on a second,4,488,294,0.51,21.41,2015,2019
the platinum plate club,4,109,76,0.132,28.02,2015,2016
in new york city,4,213,118,0.205,25.42,2015,2025
bonus episode join the,4,96,80,0.139,27.56,2018,2018
much for joining us,4,120,111,0.193,25.63,2015,2016
man mike mitchell i'm,4,118,115,0.2,25.35,2016,2024
world of chain restaurants,4,140,133,0.231,24.42,2015,2015
get to our final,4,338,289,0.502,20.96,2015,2022
i'm nick weiger happy,4,106,104,0.181,25.57,2015,2024
of a heat seeker,4,184,157,0.273,23.46,2017,2024
guest we'll begin with,4,70,68,0.118,27.93,2017,2021
my lovely wife natalie,4,51,50,0.087,29.9,2016,2018
score from zero to,4,140,131,0.227,23.95,2018,2022
we've talked about this,4,242,177,0.307,22.54,2015,2025
mitchell i'm nick weigher,4,68,67,0.116,27.59,2015,2016
doesn't make any sense,4,92,77,0.134,26.67,2015,2016
thank you so much,4,730,406,0.705,19.25,2015,2021
the golden or platinum,4,116,116,0.201,24.11,2018,2023
spoonman mike mitchell i'm,4,48,48,0.083,29.56,2016,2019
this week on doe,4,178,175,0.304,22.02,2015,2018
boys until next time,4,75,73,0.127,26.49,2015,2017
check out our facebook,4,56,56,0.097,28.23,2015,2016
episode join the golden,4,90,75,0.13,26.16,2018,2018
mitchell i'm nick weiger,4,79,77,0.134,25.99,2015,2024
comment about the world,4,137,134,0.233,22.95,2015,2018
we'll take a break,4,156,138,0.24,22.77,2017,2018
welcome back to dough,4,115,108,0.188,23.76,2016,2021
welcome back to doe,4,110,106,0.184,23.84,2016,2023
argument if you will,4,168,167,0.29,21.68,2015,2021
trying to figure out,4,213,158,0.274,21.87,2015,2021
our guest we'll begin,4,47,45,0.078,29.07,2017,2021
let's introduce our guests,4,47,44,0.076,29.11,2015,2021
your thoughts your fork,4,90,82,0.142,24.94,2019,2024
thanks for having me,4,166,132,0.229,22.48,2015,2016
welcome back to doughboys,4,126,108,0.188,23.43,2016,2022
pain in the ass,4,173,122,0.212,22.75,2015,2022
who gives a shit,4,151,120,0.208,22.81,2015,2016
give a closing argument,4,60,60,0.104,26.55,2018,2021
far as i'm concerned,4,69,61,0.106,26.21,2015,2020
so much for joining,4,119,110,0.191,22.87,2015,2016
each go around we'll,4,78,78,0.135,24.49,2015,2018
on the east coast,4,138,95,0.165,23.41,2015,2021
will work we'll each,4,62,62,0.108,25.83,2015,2021
the hand holding club,4,67,57,0.099,26.32,2015,2016
50 off your first,4,120,70,0.122,25.0,2017,2023
the helix sleep quiz,4,49,35,0.061,29.76,2023,2024
and a half forks,4,518,263,0.457,18.97,2015,2024
how to set boundaries,4,51,49,0.085,27.13,2019,2024
episode of doe boys,4,112,94,0.163,23.16,2015,2017
talked about this before,4,174,142,0.247,21.19,2015,2024
shut the fuck up,4,199,134,0.233,21.44,2015,2023
in the united states,4,90,77,0.134,24.16,2015,2020
a few years ago,4,102,85,0.148,23.58,2015,2025
ha ha ha ha,4,90507,141,0.245,21.15,2015,2024
we value your feedback,4,60,59,0.102,25.64,2015,2015
check the episode description,4,63,63,0.109,25.16,2020,2021
follow us on twitter,4,46,46,0.08,27.18,2015,2016
we'll begin with you,4,116,112,0.194,22.04,2016,2021
off your first order,4,180,84,0.146,23.47,2017,2025
rating from zero to,4,69,68,0.118,24.64,2017,2019
here in los angeles,4,63,54,0.094,26.05,2015,2024
croissants in every box,4,48,36,0.062,28.97,2021,2022
free croissants in every,4,48,36,0.062,28.86,2021,2022
the dave thomas cup,4,75,37,0.064,28.55,2017,2018
one of my favorite,4,527,303,0.526,18.01,2015,2018
