number,title,fork_score,avg,avg_original,diff,n_raters,n_parsed,page
53,Yoshinoya with Jensen Karp,1.67,2.0,2.0,0.33,4.0,4.0,Yoshinoya with Jensen Karp
68,Red Robin with D'Arcy Carden,3.42,3.3333333333333335,3.3333333333333335,0.09,3.0,3.0,Red Robin with D'Arcy Carden
76,Red Lobster 4 with Sean Clements & Hayes Davenport,3.54,2.5,2.5,1.04,5.0,4.0,Rocklobsterfest: Red Lobster 4 with Sean Clements & Hayes Davenport
115,IHOP 2 with Danny Jelinek,2.83,3.5833333333333335,3.5833333333333335,0.75,3.0,3.0,IHOP 2 with Danny Jelinek
150,The Dopeboys 4/20 Smokestacular with Jon Gabrus,4.2,,,,,,The Dopeboys 4/20 Smokestacular with Jon Gabrus
161,IHOb with Bug Mane,3.75,,,,,,IHOb with Bug Mane
DD,Comet Ping Pong,3.25,,,,2.0,0.0,Feast Coast Tour Diary: Comet Ping Pong
220,"CAVA with Jamelle Bouie, Carl Tart, and Libby Watson",3.38,3.4375,3.4375,0.06,4.0,4.0,"CAVA with Jamelle Bouie, Carl Tart, and Libby Watson (LIVE)"
223,The Flying Biscuit Cafe with Steve Agee,3.75,4.0,4.0,0.25,3.0,3.0,The Ate-TL: The Flying Biscuit Cafe with Steve Agee
229,Regina Pizzeria with John Hodgman & Nicole Byer,5.0,6.25,6.25,1.25,4.0,4.0,Regina Pizzeria with John Hodgman & Nicole Byer (LIVE)
267,Potbelly Sandwich Shop with Colt Cabana,3.67,3.8333333333333335,3.8333333333333335,0.16,3.0,3.0,Potbelly Sandwich Shop with Colt Cabana
305,Taco Bell 7 with Lorne Balfe,4.5,4.333333333333333,4.333333333333333,0.17,3.0,3.0,Taco Bell 7 with Lorne Balfe
DD,MREats with Edwin Hodge,2.83,2.75,2.75,0.08,3.0,2.0,MREats with Edwin Hodge
308,Golden Road Brewing with Jordan Morris,4.0,,,,4.0,0.0,Golden Road Brewing with Jordan Morris
DD,Mr. Slice's Bar Pizza Spectacular,4.58,,,,,,Mr. Slice's Bar Pizza Spectacular
315,Einstein Bros. Bagels with Tony Rodríguez,3.67,3.0,3.3333333333333335,0.34,3.0,3.0,Einstein Bros. Bagels with Tony Rodríguez
317,Little Caesars 2 with Marisa Pinson and David Neher,3.69,3.1875,3.1875,0.5,4.0,4.0,Little Caesars 2 with Marisa Pinson and David Neher
324,"Nathan's Famous with Jon Gabrus, Mike Hanford & Griffin Newman",3.1,3.2,3.2,0.1,5.0,5.0,"Nathan's Famous with Jon Gabrus, Mike Hanford & Griffin Newman (live)"
329,McPlant with Eric Edelstein,4.33,4.0,4.0,0.33,3.0,2.0,McPlant with Eric Edelstein
346,Popeyes 4 with Van Robichaux,5.0,4.75,4.75,0.25,4.0,4.0,Popeyes 4 with Van Robichaux
371,Pirates Dinner Adventure with Eva Anderson,2.67,5.0,5.0,2.33,3.0,3.0,Pirates Dinner Adventure with Eva Anderson
407,Taco Bell VIII with Samoa Joe,3.67,4.333333333333333,4.333333333333333,0.66,3.0,3.0,Taco Bell VIII with Samoa Joe
419,Zankou Chicken with Jason Mantzoukas,5.67,5.375,5.375,0.29,4.0,4.0,Zankou Chicken with Jason Mantzoukas
435,Subway 4 with Andre Hyland,2.08,1.875,1.875,0.21,3.0,2.0,Subway 4 with Andre Hyland
530,Jack in the Box 3 with Johnny Pemberton,3.13,3.5,3.5,0.37,3.0,3.0,Jack in the Box 3 with Johnny Pemberton
DD,McMenamins with Jordan Morris,3.0,2.7,2.7,0.3,5.0,5.0,McMenamins with Jordan Morris
541,Baskin-Robbins 2 with Emmy Blotnick,2.6,3.0,3.0,0.4,6.0,6.0,Baskin-Robbins 2 with Emmy Blotnick
546,Movita Juice Bar with Julian Stern,4.2,4.05,4.05,0.15,6.0,5.0,Movita Juice Bar with Julian Stern
